Ниша;Похожие темы;Оценка;Каналов;Медиана просмотров;Медиана подписчиков;Просмотры/подписчики;Просмотров в час;Доля молодых каналов;Доля коротких;Тренд;Примеры
история;любовь, ссср;44.42;19;451778;3060;188.6;5761;37%;89%;—;https://youtu.be/JL-pZr-lHsw | https://youtu.be/tv49hxf5t1w | https://youtu.be/2nzhraY-HnU | https://youtu.be/l1yo3NTz_wY | https://youtu.be/WN3ae_qSm_I
money;;41.86;13;2382258;4410;489.7;24555;62%;85%;—;https://youtu.be/-4HuYt6WDs4 | https://youtu.be/aJRPnxWlqF4 | https://youtu.be/F-6r12iUbRg | https://youtu.be/y3q6H79NqaY | https://youtu.be/gnwgnmOojoM
story;hindi, movie;36.66;12;2767731;9380;446.0;19253;58%;67%;—;https://youtu.be/vxfIzJ0GJek | https://youtu.be/KrndVInJ0C0 | https://youtu.be/0d7_PcqYMfA | https://youtu.be/spnEwyDcQTA | https://youtu.be/twyAaBUMAYw
facts;;33.01;14;1200249;9565;152.1;9808;57%;100%;—;https://youtu.be/aOpaqkw0xYA | https://youtu.be/Ce4-Kna-3KE | https://youtu.be/73PF8TL_dPw | https://youtu.be/isOxybvBr8g | https://youtu.be/zsP5GUin9zQ
history;painting;24.66;12;942720;8180;140.5;13241;33%;92%;—;https://youtu.be/dQVf2L-EC7M | https://youtu.be/qCZGaEE3HWE | https://youtu.be/IIyn-yLlv7M | https://youtu.be/7gT5tcyqKfo | https://youtu.be/7A6Dh4jfs-c
cr7;ronaldo;23.46;3;8136505;12000;1340.1;51097;100%;100%;—;https://youtu.be/76ff1ikXt3A | https://youtu.be/TfXzmsVv7Ao | https://youtu.be/G5_xiLahGeg
happened;;21.91;4;2020781;10475;270.8;18657;50%;75%;—;https://youtu.be/qetUXrexYEs | https://youtu.be/yPyYGwX2FrU | https://youtu.be/MPQMoWkY-BQ | https://youtu.be/8ejim6GNmOo
youtubeshorts;;19.73;6;1665560;2890;796.5;18948;33%;100%;—;https://youtu.be/O72FvRZcsxY | https://youtu.be/vxfIzJ0GJek | https://youtu.be/ra35P6N6jos | https://youtu.be/nw9ndmpJg1g | https://youtu.be/39hfgRIayy0
tutorial;;18.97;10;1202218;9315;130.0;12375;30%;90%;—;https://youtu.be/bXvu1UGkeyI | https://youtu.be/oi5DwNBVzY0 | https://youtu.be/vdcj5Qjy6M8 | https://youtu.be/vnr3boymNVs | https://youtu.be/yHAv6FapWe4
could;;15.3;3;2945224;11100;279.4;29027;67%;100%;—;https://youtu.be/2p23p9FQIYk | https://youtu.be/1F7Gc_McmOw | https://youtu.be/vE_XJw7nU34
game;;14.37;4;2148175;8935;430.6;26412;100%;100%;—;https://youtu.be/F-6r12iUbRg | https://youtu.be/iAKvg752xP4 | https://youtu.be/RugADalRKPQ | https://youtu.be/5Hl7l-wN_Hs
challenge;;14.04;6;3667383;7200;561.6;30524;50%;100%;—;https://youtu.be/oP277dWHUoQ | https://youtu.be/iAKvg752xP4 | https://youtu.be/63-EE8MfgCI | https://youtu.be/00LADqrYFVE | https://youtu.be/G5_xiLahGeg
survival;;13.17;5;3429494;13100;261.8;20543;40%;80%;—;https://youtu.be/CWwaT7T_rwk | https://youtu.be/73PF8TL_dPw | https://youtu.be/ddcxmnDh0hs | https://youtu.be/shu01PTO2Dw | https://youtu.be/dHtSKVwDXDc
юмор;прикол;12.97;6;1357105;6400;311.1;9339;33%;100%;—;https://youtu.be/54AMzHDJADI | https://youtu.be/tv49hxf5t1w | https://youtu.be/6SI9j7ES2SE | https://youtu.be/S0EOmXuHYwU | https://youtu.be/rUG7sEEGqfQ
animals;;11.71;3;1491290;5600;219.0;15894;33%;67%;—;https://youtu.be/uaBX-DdOj0k | https://youtu.be/vdcj5Qjy6M8 | https://youtu.be/7A6Dh4jfs-c
memes;;11.51;4;1013992;4715;432.6;10491;50%;100%;—;https://youtu.be/dQVf2L-EC7M | https://youtu.be/iAKvg752xP4 | https://youtu.be/-qINsYfWhjs | https://youtu.be/-90OwefLjZU
pov;;11.31;5;660590;11500;57.4;6988;60%;100%;—;https://youtu.be/dQVf2L-EC7M | https://youtu.be/IZGSDdbwnKM | https://youtu.be/SIVgbfQTjsc | https://youtu.be/a01JofzpxmU | https://youtu.be/-90OwefLjZU
art;;11.28;4;2646992;12700;201.0;23381;50%;100%;—;https://youtu.be/7gT5tcyqKfo | https://youtu.be/oi5DwNBVzY0 | https://youtu.be/_5m5bpkG67I | https://youtu.be/a01JofzpxmU
cat;;11.04;4;1550318;8800;188.9;16515;50%;100%;—;https://youtu.be/uaBX-DdOj0k | https://youtu.be/vdcj5Qjy6M8 | https://youtu.be/Hbak7Cz6ejo | https://youtu.be/_5m5bpkG67I
diy;;10.88;5;698624;8000;133.2;4974;40%;60%;—;https://youtu.be/MaMfU7sGemE | https://youtu.be/1sk9UUZsjgE | https://youtu.be/uGmUHFgq4k0 | https://youtu.be/zQc2xEP6UJE | https://youtu.be/DyiStawJlMw
семья;;10.7;4;1286809;5920;237.9;8963;25%;100%;—;https://youtu.be/2nzhraY-HnU | https://youtu.be/S0EOmXuHYwU | https://youtu.be/MEXpzsjwh6I | https://youtu.be/rUG7sEEGqfQ
people;;10.62;3;3002826;7860;266.6;44004;67%;67%;—;https://youtu.be/iv2S_CWaJXs | https://youtu.be/SFZIKg853Sk | https://youtu.be/7A6Dh4jfs-c
shortsfeed;;10.36;3;1220598;8450;910.9;21206;67%;100%;—;https://youtu.be/f4VuwCXcJOA | https://youtu.be/ra35P6N6jos | https://youtu.be/OQ5UWFTqYRI
comedy;reels, jest;9.13;7;720988;10400;45.6;7035;29%;100%;—;https://youtu.be/63-EE8MfgCI | https://youtu.be/2SFK-p6ptAo | https://youtu.be/vdcj5Qjy6M8 | https://youtu.be/n_LUaik1Xs8 | https://youtu.be/NKWjFC6jBKU
built;;8.94;3;2036717;12500;171.2;15527;33%;67%;—;https://youtu.be/6X3hUagvkpQ | https://youtu.be/6bTCHiGfVbw | https://youtu.be/WWqmH3eaWD4
car;;8.47;4;1037186;9265;199.7;6470;25%;50%;—;https://youtu.be/nw9ndmpJg1g | https://youtu.be/MaMfU7sGemE | https://youtu.be/LhDO4O10KD8 | https://youtu.be/skrQL9htVx0
don't;;8.1;3;2543536;6370;338.3;23556;33%;100%;—;https://youtu.be/iAKvg752xP4 | https://youtu.be/uaBX-DdOj0k | https://youtu.be/uGmUHFgq4k0
viralvideo;;8.06;3;1220598;6930;405.7;21206;33%;67%;—;https://youtu.be/ra35P6N6jos | https://youtu.be/yPyYGwX2FrU | https://youtu.be/yHAv6FapWe4
know;;7.39;3;807933;5180;164.2;7565;33%;100%;—;https://youtu.be/iv2S_CWaJXs | https://youtu.be/9onYqh9CLbg | https://youtu.be/x_W4JqtYb0s
world;;7.34;3;9757457;15000;626.4;59747;0%;67%;—;https://youtu.be/tzeB42tErKg | https://youtu.be/qetUXrexYEs | https://youtu.be/GUB_LZ8_atI
humor;;7.22;6;294625;13300;27.8;3373;17%;100%;—;https://youtu.be/A3Dixr3qnTY | https://youtu.be/n_LUaik1Xs8 | https://youtu.be/IIgBZY40hKA | https://youtu.be/NKWjFC6jBKU | https://youtu.be/BdNTpZUVdYk
кино;;6.88;3;1884984;1890;286.6;13192;33%;100%;—;https://youtu.be/54AMzHDJADI | https://youtu.be/DbdhMrU5_C0 | https://youtu.be/w2yVAdu04eA
family;;6.5;3;1264309;13400;337.5;28268;33%;67%;—;https://youtu.be/qetUXrexYEs | https://youtu.be/MaMfU7sGemE | https://youtu.be/RugADalRKPQ
explained;;6.28;4;1206780;12850;141.3;9260;25%;100%;—;https://youtu.be/dDU8WEHvQjU | https://youtu.be/TTXUVl6Rqfo | https://youtu.be/8FmWKBs28ng | https://youtu.be/anc7QGPJMUM
wooden;cabin, build;5.35;3;1667260;15700;119.1;16229;33%;100%;—;https://youtu.be/dHtSKVwDXDc | https://youtu.be/hyEhY1poA3g | https://youtu.be/_Ht72QuV0cU
nfl;;5.27;3;2459615;13200;186.3;16304;0%;100%;—;https://youtu.be/pwkByASQvJE | https://youtu.be/6X3hUagvkpQ | https://youtu.be/qH4vNVGoac0
film;;5.05;3;660590;11500;57.4;6988;33%;100%;—;https://youtu.be/ObXdBUmhuPs | https://youtu.be/SIVgbfQTjsc | https://youtu.be/yjQWbIlKjDs
der;;4.73;4;553575;15100;34.9;6116;25%;100%;—;https://youtu.be/n_LUaik1Xs8 | https://youtu.be/kuGw1JZDlXw | https://youtu.be/It_-pB7QmaI | https://youtu.be/qowuQntuSgM
jak;;3.38;3;328994;15800;20.8;6205;33%;100%;—;https://youtu.be/mbsBlB8aU7g | https://youtu.be/gL-smbQLvYE | https://youtu.be/-90OwefLjZU
